disease,symptoms,cures,doctor,risk_level,description
flu,"['muscle aches', 'cough', 'fever', 'sore throat', 'fatigue', 'headache', 'runny or stuffy nose']","over-the-counter medications,rest,fluids","family doctor,urgent care",low (0.1%,
bronchitis,"['haemoptysis', 'stridor', 'cough', 'labored breathing', 'chest pain', 'snuffle', 'night sweat', 'wheezing', 'mucus production', 'hepatosplenomegaly', 'productive cough', 'dyspnea', 'decreased body weight', 'throat sore', 'chest tightness', 'fever', 'shortness of breath', 'chill', 'hacking cough']","antibiotics,over-the-counter medications,rest,fluids","family doctor,pulmonologist",low (0.5%),
pneumonia,"['malaise', 'haemoptysis', 'yellow sputum', 'cough', 'fast heart rate', 'high fever', 'chest pain', 'breath sounds decreased', 'rhonchus', 'decreased translucency', 'fatigue', 'night sweat', 'wheezing', 'pleuritic pain', 'productive cough', 'rale', 'rusty sputum', 'tachypnea', 'fever', 'chills', 'shortness of breath', 'chill', 'breathlessness', 'sweating', 'green sputum', 'phlegm', 'non-productive cough', 'distress respiratory']",antibiotics,"family doctor,pulmonologist",moderate (1%),"Pneumonia is an infection in one or both lungs. Bacteria, viruses, and fungi cause it. The infection causes inflammation in the air sacs in your lungs, which are called alveoli. The alveoli fill with fluid or pus, making it difficult to breathe."
heart attack,"['vomiting', 'lightheadedness', 'chest pain', 'shortness of breath', 'breathlessness', 'sweating', 'nausea']",emergency medical services,cardiologist,high (20%),"The death of heart muscle due to the loss of blood supply. The loss of blood supply is usually caused by a complete blockage of a coronary artery, one of the arteries that supplies blood to the heart muscle."
stroke,"['difficulty speaking', 'trouble seeing in one eye', 'sudden weakness', 'severe headache', 'numbness on one side of the body', 'confusion']","treatment for the underlying cause,such as clot-busting medication,surgery","neurologist,neurosurgeon",high (20%),
cancer,"['changes in bowel', 'indigestion', 'unexplained bleeding or discharge', 'unexplained weight loss', 'persistent cough', 'fatigue', 'bladder habits', 'lump']","surgery,chemotherapy,radiation therapy",oncologist,varies depending on the type of cancer,
diabetes,"['orthopnea', 'excessive hunger', 'vomiting', 'labored breathing', 'restlessness', 'increased thirst', 'frequent urination', 'unexplained weight loss', 'lethargy', 'blurred and distorted vision', 'pain chest', 'sweating increased', 'increased appetite', 'fatigue', 'unresponsiveness', 'cuts that are slow to heal', 'nausea', 'rale', 'polyuria', 'blurred vision', 'weight loss', 'mental status changes', 'obesity', 'polydypsia', 'asthenia', 'shortness of breath', 'vertigo', 'irregular sugar level']","diet,exercise,medication",endocrinologist,high (25%),"Diabetes is a disease that occurs when your blood glucose, also called blood sugar, is too high. Blood glucose is your main source of energy and comes from the food you eat. Insulin, a hormone made by the pancreas, helps glucose from food get into your cells to be used for energy."
alzheimer's disease,"['wheelchair bound', 'tremor', 'cough', 'groggy', 'muscle twitch', 'hyperkalemia', 'consciousness clear', 'rhonchus', 'drool', 'agitation', 'changes in personality or behavior', 'frail', 'bedridden', 'nightmare', 'facial paresis', 'fever', 'difficulty thinking', 'memory loss', 'tremor resting', 'confusion', 'pin-point pupils']","there is no cure for alzheimer's disease,but there are treatments that can help manage the symptoms ",neurologist,high (70%),
arthritis,"['atypia', 'distended abdomen', 'sleeplessness', 'swelling', 'syncope', 'movement stiffness', 'stiff neck', 'inflammation in the joints', 'pain', 'asthenia', 'stiffness', 'general unsteadiness', 'shortness of breath', 'hemodynamically stable', 'painful walking', 'swelling joints', 'muscle weakness']","medication,physical therapy,lifestyle changes",rheumatologist,varies depending on the type of arthritis,"Arthritis is the swelling and tenderness of one or more of your joints. The main symptoms of arthritis are joint pain and stiffness, which typically worsen with age. The most common types of arthritis are osteoarthritis and rheumatoid arthritis."
adenovirus,"['cough', 'rash', 'pink eye', 'fever', 'conjunctivitis', 'sore throat']","antibiotics,over-the-counter medications,rest,fluids","family doctor,urgent care",low (0.1%),
aflatoxicosis,"['diarrhea', 'vomiting', 'death', 'liver damage', 'jaundice']","there is no cure for aflatoxicosis,but treatment may include supportive care,liver transplantation",gastroenterologist,high (70%),
alcoholism,"['cancer', 'tolerance to alcohol', 'withdrawal symptoms', 'heart disease', 'impaired judgment', 'liver damage', 'memory problems', 'physical dependence on alcohol']"," treatment for alcoholism may include counseling,medication,support groups"," psychiatrist,addiction specialist",high (25%),
allergic rhinitis,"['itchy nose', 'itchy eyes', 'sneezing', 'throat', 'runny nose', 'palate']","over-the-counter medications,allergy shots",allergist,low (0.1%),
anemia,"['heme positive', 'guaiac positive', 'tumor cell invasion', 'lightheadedness', 'hyponatremia', 'pain', 'rhonchus', 'fatigue', 'dizziness', 'ecchymosis', 'monoclonal', 'haemorrhage', 'orthostasis', 'arthralgia', 'pallor', 'swelling', 'pale skin', 'asthenia', 'shortness of breath', 'chill', 'transaminitis', 'pain back']","treatment for anemidepends on the type of anemia,but may include medication,blood transfusions,surgery",hematologist,varies depending on the type of anemia,
anxiety disorder,"['anxiety that interfere with daily life', 'fear', 'excessive worry']","treatment for anxiety disorders may include therapy,medication,combination of both","psychologist,psychiatrist",varies depending on the type of anxiety disorder,
appendicitis,"['pain in the lower right abdomen', 'fever', 'nausea', 'vomiting']",appendectomy,surgeon ,high (20%),
asperger syndrome,"['restricted interests', 'difficulty with social interaction', 'repetitive behaviors']","there is no cure for asperger syndrome,but there are treatments that can help manage the symptoms","psychologist,psychiatrist",varies,
asthma,"['cough', 'non-productive cough', 'chest tightness', 'symptom aggravating factors', 'productive cough', 'shortness of breath', 'coughing', 'wheezing', 'pleuritic pain', 'distress respiratory']","treatment for asthmmay include medication,lifestyle changes,allergy shots"," allergist,pulmonologist",varies,
bacterial meningitis,"['vomiting', 'stiff neck', 'sensitivity to light', 'fever', 'headache', 'nausea']",antibiotics,"neurologist,neurosurgeon",high (20%),
bipolar disorder,"['extreme mood swings', 'disturbed family', 'motor retardation', 'tremor', 'hallucinations visual', 'sleeplessness', 'feeling hopeless', 'catatonia', 'behavior hyperactive', 'weepiness', 'difficulty', 'has religious belief', 'energy increased', 'agitation', 'verbal auditory hallucinations', 'hyperhidrosis disorder', 'suicidal', 'mydriasis', 'irritable mood', 'blackout', 'hypersomnia', 'from manito depression', 'homelessness', 'extrapyramidal sign', 'loose associations', 'exhaustion', 'feeling suicidal', 'hallucinations auditory', 'intoxication', 'worry']","treatment for bipolar disorder may include medication,therapy,combination of both","psychologist,psychiatrist",varies,
bladder cancer,"['blood in the urine', 'frequent urination', 'urgency to urinate', 'pain or burning when urinating', 'incontinence']","surgery,chemotherapy,radiation therapy",urologist,high (70%),
blood clot,"['difficulty breathing', 'coughing up blood', 'tenderness in the affected area', 'swelling', 'chest pain', 'pain', 'warmth', 'shortness of breath', 'redness']","treatment for blood clot may include medication,surgery,combination of both","cardiologist,hematologist",high (20%),
bursitis,"['inflammation in bursa', 'pain', 'swelling', 'which is small sac of fluid that cushions joints']","medication,rest,ice,compression,elevation","family doctor,orthopedist",varies depending on the bursa,
cervical cancer,"['abnormal pap test results', 'abnormal vaginal bleeding', 'pain during sex']","surgery,chemotherapy,radiation therapy",gynecologist ,high (70%),
chickenpox,"['muscle aches', 'rash', 'fever', 'fatigue', 'headache']","antiviral medication,over-the-counter medications,rest,fluids","family doctor,urgent care",low (0.1%),
chronic obstructive pulmonary disease (copd),"['chronic bronchitis', 'emphysema']","treatment for copd may include medication,lifestyle changes,oxygen therapy",pulmonologist,varies depending on the type of copd ,
cholesterol,['high levels of cholesterol in the blood'],"diet,exercise,medication",cardiologist,varies depending on the level of cholesterol,
common cold,"['malaise', 'cough', 'chest pain', 'fatigue', 'sinus pressure', 'swelled lymph nodes', 'redness of eyes', 'muscle pain', 'loss of smell', 'sneezing', 'sore throat', 'congestion', 'throat irritation', 'runny nose', 'headache', 'high fever', 'chills', 'phlegm', 'continuous sneezing']","over-the-counter medications,rest,fluids","family doctor,urgent care",low (0.1%),"The common cold is a viral infection of your nose and throat (upper respiratory tract). It's usually harmless, although it might not feel that way. Many types of viruses can cause a common cold."
conjunctivitis,"['itchy', 'red', 'watery eyes']","over-the-counter medications,warm compresses","family doctor,ophthalmologist",low (0.1%),
depression,"['energy levels', 'changes in appetite', 'sleep', 'loss of interest in activities', 'sadness', 'hopelessness']","treatment for depression may include medication,therapy,combination of both","psychologist,psychiatrist",varies,
diarrhea,"['watery stools', 'loose']","over-the-counter medications,rest,fluids","family doctor,urgent care",low (0.1%),
eating disorder,['disturbance in eating behavior that can lead to serious health problems'],"treatment for eating disorders may include therapy,medication,support groups","psychologist,psychiatrist",varies depending on the type of eating disorder,
epilepsy,"['wheelchair bound', 'tremor', 'muscle twitch', 'hypometabolism', 'drowsiness', 'myoclonus', 'seizure', 'lethargy', 'gurgle', 'sleepy', 'hemiplegia', 'unresponsiveness', 'aura', 'seizures']","medication,surgery",neurologist,varies,
fever,['elevated body temperature'],"over-the-counter medications,rest,fluids","family doctor,urgent care",low (0.1%),
food poisoning,"['diarrhea', 'abdominal cramps', 'nausea', 'vomiting']","over-the-counter medications,rest,fluids","family doctor,urgent care",low (0.1%),
gallstones,"['fever', 'pain in the upper right abdomen', 'nausea', 'vomiting']",surgery,surgeon ,high (20%),
gonorrhea,"['sexually transmitted infection that can cause burning during urination', 'pain in the lower abdomen', 'discharge from the penis or vagina']",antibiotics,"urologist,gynecologist",high (70%),
heart disease,"['chest pain', 'shortness of breath', 'fatigue', 'dizziness', 'fainting']","treatment for heart disease may include medication,lifestyle changes,surgery",cardiologist,high (20%),
hepatitis,"['spontaneous rupture of membranes', 'vomiting', 'projectile vomiting', 'tachypnea', 'distress respiratory', 'fever', 'chill', 'pruritus', 'transaminitis', 'ascites', 'anorexia', 'inflammation of the liver', 'pain abdominal']","treatment for hepatitis may include medication,rest,lifestyle changes",gastroenterologist,varies depending on the type of hepatitis,
herpes,"['sexually transmitted infection that can cause blisters on the genitals', 'other parts of the body', 'mouth']","there is no cure for herpes,but there are treatments that can help manage the symptoms","urologist,gynecologist",high (70%),
influenza,"['malaise', 'cough', 'uncoordination', 'snuffle', 'fatigue', 'dysuria', 'runny or stuffy nose', 'snore', 'pleuritic pain', 'muscle aches', 'nasal flaring', 'blackout', 'sneeze', 'throat sore', 'scleral\xa0icterus', 'fever', 'sore throat', 'symptom aggravating factors', 'chill', 'shortness of breath', 'lip smacking', 'headache', 'debilitation', 'green sputum', 'extreme exhaustion', 'distress respiratory']","over-the-counter medications,rest,fluids","family doctor,urgent care",low (0.1%),
irritable bowel syndrome (ibs),"['diarrhea', 'bloating', 'constipation', 'abdominal pain']","treatment for ibs may include diet,lifestyle changes,medication"," family doctor,gastroenterologist",varies,
kidney stones,"['blood in the urine', 'pain in the lower back or side', 'nausea', 'vomiting']",surgery,urologist,high (20%),
lung cancer,"['blood in the sputum', 'unexplained weight loss', 'chest pain', 'cough that does not go away', 'shortness of breath', 'fatigue']","surgery,chemotherapy,radiation therapy",oncologist,high (70%),
malaria,"['diarrhea', 'muscle aches', 'vomiting', 'high fever', 'fever', 'diarrhoea', 'fatigue', 'headache', 'nausea', 'sweating', 'chills', 'muscle pain']",antimalarial drugs,"family doctor,urgent care",high (20%),An infectious disease caused by protozoan parasites from the Plasmodium family that can be transmitted by the bite of the Anopheles mosquito or by a contaminated needle or transfusion. Falciparum malaria is the most deadly type.
measles,"['cough', 'red eyes', 'rash', 'fever', 'sore throat', 'runny nose']",measles vaccine,"family doctor,urgent care",high (70%),
meningitis,"['vomiting', 'stiff neck', 'sensitivity to light', 'fever', 'headache', 'nausea']",antibiotics,"neurologist,neurosurgeon",high (20%),
mononucleosis,"['rash', 'fever', 'sore throat', 'fatigue', 'swollen lymph nodes']","there is no cure for mononucleosis,but symptoms can be treated with rest,fluids,over-the-counter medications","family doctor,urgent care",low (0.1%),
rabies,"['muscle aches', 'tingling at the bite site', 'aerophobia', 'fever', 'headache', 'hydrophobia', 'difficulty swallowing']",rabies vaccine,"doctor,urgent care",high (70%),
salmonella,"['diarrhea', 'vomiting', 'fever', 'nausea', 'abdominal cramps']",antibiotics,"family doctor,urgent care ",low (0.1%),
shingles,['painful rash that follows nerve path'],antiviral medication,"family doctor,dermatologist ",low (0.1%),
tuberculosis (tb),"['night sweats', 'chest pain', 'cough that does not go away', 'fever', 'fatigue', 'weight loss']",antibiotics,"family doctor,pulmonologist",high (20%),
urinary tract infection (uti),"['blood in the urine', 'frequent urination', 'burning', 'urgency to urinate', 'painful urination']",antibiotics,urologist,low (0.1%),
varicose veins,"['swollen legs', 'cramps', 'twisted veins', 'swollen', 'usually in the legs', 'prominent veins on calf', 'obesity', 'swollen blood vessels', 'fatigue', 'bruising']","surgery,compression stockings,lifestyle changes",vascular surgeon,varies,"A vein that has enlarged and twisted, often appearing as a bulging, blue blood vessel that is clearly visible through the skin. Varicose veins are most common in older adults, particularly women, and occur especially on the legs."
warts,"['raised', 'rough growths on the skin']","over-the-counter medications,prescription medications,cryotherapy,laser therapy", dermatologist,low (0.1%),
yeast infection,"['itching', 'discharge from the vaginor penis', 'burning']","over-the-counter medications,prescription medications","urologist,gynecologist",low (0.1%),
acanthamoebkeratitis,"['pain', 'inflammation in the eye', 'redness']","antibiotics,antifungals,surgery",ophthalmologist ,low (0.1%,
acute appendicitis,"['pain in the lower right abdomen', 'fever', 'nausea', 'vomiting']",appendectomy,surgeon,high (20%),
acute kidney injury (aki),['decreased kidney function'],"treatment for the underlying cause,such as dehydration,infection,medication side effect ",nephrologist ,varies,
aortic aneurysm,"['bulge in the wall of the aorta', 'the largest artery in the body']",surgery,vascular surgeon,high (20%),
colorectal cancer,"['blood in the stool', 'change in bowel habits', 'abdominal pain', 'constipation', 'such as diarrhea', 'unexplained weight loss', 'narrowing of the stool']","surgery,chemotherapy,radiation therapy",gastroenterologist,high (70%),
dementia,"['unsteady gait', 'cough', 'lethargy', 'pain', 'fall', 'rhonchus', 'unresponsiveness', 'ecchymosis', 'rale', 'agitation', 'changes in personality or behavior', 'abdominal tenderness', 'bedridden', 'syncope', 'facial paresis', 'fever', 'unconscious state', 'difficulty thinking', 'hallucinations auditory', 'memory loss', 'confusion']","there is no cure for dementia,but there are treatments that can help manage the symptoms",neurologist ,varies,
erectile dysfunction,"['difficulty getting', 'keeping an erection']","medication,lifestyle changes,surgery ",urologist,varies,
fibromyalgi,"['widespread pain', 'tenderness', 'fatigue']","medication,lifestyle changes ",rheumatologist ,varies,
glaucoma,"['agitation', 'unsteady gait', 'distended abdomen', 'paresthesia', 'hyponatremia', 'lead to vision loss', 'burning sensation', 'fall', 'unconscious state', 'mass of body structure', 'lesion', 'increased pressure in the eye that can damage the optic nerve']","medication,surgery ", ophthalmologist,varies,
heart failure,['condition in which the heart cannot pump blood as well as it should'],"medication,lifestyle changes,surgery",cardiologist,high (20%),
kidney disease,"['hyperkalemia', 'fever', 'pain chest', 'shortness of breath', 'gravida 0', 'bleeding of vagina', 'damage to the kidneys that can lead to kidney failure']","treatment for the underlying cause,such as high blood pressure,diabetes,an infection",nephrologist,varies,
lung disease,"['condition that affects the lungs', 'can make it difficult to breathe']","treatment for the underlying cause,such as asthma,chronic obstructive pulmonary disease (copd),pneumonia",pulmonologist,varies,
parkinson's disease,"['coordination', 'tremors', 'stiffness', 'difficulty with balance', 'slow movement']"," medication,lifestyle changes",neurologist ,varies,
peptic ulcer disease,"['vomiting', 'pain in the upper abdomen', 'nausea', 'indigestion']","medication,lifestyle changes,surgery ",gastroenterologist,varies,
peripheral artery disease,"['numbness', 'pain', 'tingling in the arms or legs']","medication,lifestyle changes,surgery",vascular surgeon,varies,
prostate cancer,"['difficulty urinating', 'blood in the urine', 'pain in the back or hips', 'erectile dysfunction']"," surgery,radiation therapy,hormone therapy",urologist,high (70%),
rheumatoid arthritis,"['pain', 'swelling', 'stiffness in the joints']","medication,lifestyle changes",rheumatologist,varies,
stomach cancer,"['vomiting', 'indigestion', 'nausea', 'pain in the upper abdomen', 'weight loss']","surgery,chemotherapy,radiation therapy",gastroenterologist ,high (70%),
thyroid cancer,"['lump in the neck', 'unexplained heat intolerance', 'fatigue', 'hoarseness', 'weight loss', 'sensitivity to cold']","surgery,radiation therapy,hormone therapy",endocrinologist,high (70%),
ulcerative colitis,"['diarrhea', 'bloody stool', 'weight loss', 'abdominal pain']","medication,surgery",gastroenterologist ,varies,
atopic dermatitis,"['itchy', 'red', 'inflamed skin']","medication,lifestyle changes", dermatologist,varies,
celiac disease,"['diarrhea', 'abdominal pain', 'bloating', 'fatigue', 'weight loss']",gluten-free diet,gastroenterologist,varies,
chronic kidney disease,"['changes in urination', 'swelling', 'shortness of breath', 'fatigue', 'high blood pressure']","treatment for the underlying cause,such as high blood pressure,diabetes,an infection",nephrologist,varies,
crohn's disease,"['diarrhea', 'bloody stool', 'weight loss', 'abdominal pain']","medication,surgery",gastroenterologist,varies,
fibromyalgia,"['widespread pain', 'tenderness', 'fatigue']","medication,lifestyle changes",rheumatologist,varies,
graves' disease,"['hyperthyroidism', 'which is an overactive thyroid']","medication,surgery",endocrinologist,varies,
hashimoto's thyroiditis,"['hypothyroidism', 'which is an underactive thyroid']",medication,endocrinologist,varies,
lupus,['chronic autoimmune disease that can affect any part of the body'],"medication,lifestyle changes",rheumatologist ,varies,
pneumocystis carinii pneumonia,"['myalgia', 'diarrhea', 'poor dentition', 'yellow sputum', 'hypokalemia', 'decreased body weight', 'floppy', 'cachexia', 'spontaneous rupture of membranes', 'chill', 'dyspnea on exertion', 'transaminitis', 'dyspareunia', 'headache', 'hacking cough', 'non-productive cough', 'productive cough', 'neck stiffness']",,,,
accident cerebrovascular,"['dysarthria', 'numbness', 'speech slurred', 'facial paresis', 'asthenia', 'hemiplegia', 'unresponsiveness', 'seizure']",,,,
adenocarcinoma,"['scar tissue', 'decreased body weight', 'hematochezia', 'constipation', 'fremitus', 'satiety early', 'pain', 'mass of body structure', 'egophony', 'lesion', 'decreased stool caliber', 'pain abdominal']",,,,
adhesion,"['unsteady gait', 'vomiting', 'para 1', 'decreased body weight', 'hallucinations visual', 'breech presentation', 'lung nodule', 'feeling suicidal', 'pain', 'immobile', 'shortness of breath', 'flatulence', 'large-for-dates fetus']",,,,
affect labile,"['patient non compliance', 'prostatism', 'bedridden', 'enuresis', 'hallucinations visual', 'sleeplessness', 'feeling hopeless', 'extreme exhaustion']",,,,
anxiety state,"['patient non compliance', 'tremor', 'pain chest', 'pain', 'difficulty', 'has religious belief', 'agitation', 'nightmare', 'nervousness', 'mood depressed', 'hallucinations auditory', 'hallucinations visual', 'sleeplessness', 'palpitation', 'feeling hopeless', 'consciousness clear', 'weepiness', 'hot flush', 'suicidal', 'irritable mood', 'blackout', 'formication', 'feeling suicidal', 'worry']",,,,
aphasia,"['charleyhorse', 'muscle twitch', 'clonus', 'facial paresis', 'egophony', 'paralyse', 'aphagia', 'low back pain']",,,,
bacteremia,"['diarrhea', 'prostatism', 'distended abdomen', 'indifferent mood', 'vomiting', 'pallor', 'fever', 'urinoma', 'chill', 'hypoalbuminemia', 'decreased translucency', 'abdominal tenderness', 'unresponsiveness', 'pustule', 'flushing', 'pleuritic pain']",,,,
benign prostatic hypertrophy,"['orthopnea', 'dysarthria', 'orthostasis', 'cachexia', 'blackout', 'mental status changes', 'night sweat', 'anorexia', 'distress respiratory']",,,,
biliary calculus,"['diarrhea', 'thicken', 'vomiting', 'palpitation', 'cushingoid\xa0habitus', 'apyrexial', 'pain', 'sore to touch', 'ascites', 'nausea', 'pain abdominal']",,,,
carcinoma,"['tumor cell invasion', 'pain', 'sore to touch', 'mass of body structure', 'unhappy', 'diarrhea', 'thicken', 'heartburn', 'decreased body weight', 'metastatic lesion', 'lung nodule', 'gravida 0', 'lesion', 'non-productive cough', 'general discomfort', 'hoarseness', 'nausea', 'paresthesia', 'constipation']",,,,
carcinoma breast,"['erythema', 'dyspnea', 'estrogen use', 'paresthesia', 'mass in breast', 'swelling', 'burning sensation', 'formication', 'mass of body structure', 'retropulsion', 'lesion', 'difficulty']",,,,
carcinoma colon,"['diarrhea', 'prostatism', 'systolic ejection murmur', 'dizzy spells', 'vomiting', 'bradycardia', 'constipation', 'polydypsia', 'urinary hesitation', 'shooting pain', 'general discomfort', 'lesion', 'hyperemesis', 'nausea', 'pain abdominal']",,,,
carcinoma of lung,"['agitation', 'haemoptysis', 'cough', 'irritable mood', 'ache', 'metastatic lesion', 'lung nodule', 'gurgle', 'asthenia', 'shortness of breath', 'night sweat', 'lesion', 'decreased translucency', 'debilitation', 'rale']",,,,
carcinoma prostate,"['guaiac positive', 'qt interval prolonged', 'tumor cell invasion', 'mass of body structure', 'rhonchus', 'hemodynamically stable', 'dysuria', 'pleuritic pain', 'dysesthesia', 'diarrhea', 'decreased body weight', 'paresis', 'hemianopsia homonymous', 'asthenia', 'polymyalgia', 'urge incontinence', 'hematuria', 'breath sounds decreased', 'ataxia', 'rale', 'passed stones', 'orthostasis', 'vertigo']",,,,
cardiomyopathy,"['patient non compliance', 'orthopnea', 'hypokinesia', 'yellow sputum', 'dyspnea', 'palpitation', 'syncope', 'pain chest', 'left\xa0atrial\xa0hypertrophy', 'weight gain', 'shortness of breath', 'dyspnea on exertion', 'fatigue', 'jugular venous distention', 'rale']",,,,
cellulitis,"['patient non compliance', 'erythema', 'scratch marks', 'swelling', 'pain chest', 'pain', 'fever', 'sore to touch', 'chill', 'abscess bacterial', 'hyperacusis', 'redness', 'pruritus', 'hypesthesia']",,,,
cholecystitis,"['diarrhea', ""murphy's sign"", 'abnormally hard consistency', 'qt interval prolonged', 'groggy', 'sinus rhythm', 'constipation', 'pain', 'moan', 'feces in rectum', 'flatulence', 'cardiovascular event', 'gasping for breath', 'colic abdominal', 'ascites', 'nausea', 'pain abdominal']",,,,
chronic alcoholic intoxication,"['neologism', 'suicidal', 'tremor', 'irritable mood', 'sleeplessness', 'feeling hopeless', 'feeling suicidal', 'hoard', 'breath sounds decreased', 'unconscious state', 'shortness of breath', 'hallucinations auditory', 'panic', 'seizure', 'homelessness']",,,,
chronic kidney failure,"['guaiac positive', 'yellow sputum', 'vomiting', 'pleuritic pain', 'jugular venous distention', 'diarrhea', 'swelling', 'oliguria', 'mental status changes', 'apyrexial', 'asthenia', 'shortness of breath', 'chill', 'orthopnea', 'malaise', 'hyperkalemia', 'catatonia', 'unresponsiveness', 'nausea', 'rale', 'chest tightness', 'fever']",,,,
chronic obstructive airway disease,"['hypercapnia', 'patient non compliance', 'dyspnea', 'cough', 'hypoxemia', 'chest tightness', 'shortness of breath', 'sputum purulent', 'wheezing', 'distress respiratory']",,,,
cirrhosis,"['guaiac positive', 'distended abdomen', 'tumor cell invasion', 'fall', 'sore to touch', 'bleeding of vagina', 'pruritus', 'splenomegaly', 'lesion', 'hemodynamically stable', 'ascites', 'pain abdominal']",,,,
colitis,"['thicken', 'urge incontinence', 'nausea and vomiting', 'vomiting', 'fever', 'pain', 'tenesmus', 'chill', 'hemodynamically stable', 'green sputum', 'awakening early', 'nausea', 'pain abdominal']",,,,
confusion,"['tremor', 'hyponatremia', 'lethargy', 'fall', 'sleepy', 'seizure', 'agitation', 'enuresis', 'mental status changes', 'asthenia', 'headache', 'asterixis', 'muscle twitch', 'speech slurred', 'lightheadedness', 'consciousness clear', 'dizziness', 'unresponsiveness', 'dysarthria', 'unconscious state']",,,,
coronary heart disease,"['orthopnea', 'hypokinesia', 'angina pectoris', 'pain chest', 'chest tightness', 'sweating increased', 'shortness of breath', 'dyspnea on exertion', 'pressure chest']",,,,
decubitus ulcer,"['frail', 'systolic murmur', 'fever']",,,,
deep vein thrombosis,"['erythema', 'swelling', 'clonus', 'cardiomegaly', 'pain', 'pain in lower limb', 'hypotension', 'shortness of breath', 'redness', 'ecchymosis', 'non-productive cough', 'rale']",,,,
degenerative polyarthritis,"['unsteady gait', 'numbness of hand', 'nonsmoker', 'drowsiness', 'food intolerance', 'pain', 'asthenia', 'polydypsia', 'stiffness', 'general discomfort', 'non-productive cough']",,,,
deglutition disorder,"['dysarthria', 'stridor', 'achalasia', 'titubation', 'paresthesia', 'painful swallowing', 'spasm', 'decreased body weight', 'dysdiadochokinesia', 'asthenia', 'stiffness', 'lesion', 'hoarseness', 'side pain', 'ataxia']",,,,
dehydration,"['diarrhea', 'sensory discomfort', 'vomiting', 'history of - blackout', 'lightheadedness', 'syncope', 'mental status changes', 'lethargy', 'fever', 'asthenia', 'hypotension', 'dizziness', 'unwell', 'anorexia', 'nausea']",,,,
delirium,"['diarrhea', 'hallucinations auditory', 'unsteady gait', 'suicidal', 'hyponatremia', 'feeling suicidal', 'worry', 'sleepy', 'fever', 'unresponsiveness', 'withdraw', 'verbally abusive behavior']",,,,
delusion,"['neologism', 'disturbed family', 'giddy mood', 'agitation', 'decompensation', 'worry', 'hallucinations auditory', 'sleeplessness', 'feeling hopeless', 'catatonia', 'weepiness', 'terrify', 'impaired cognition', 'suicidal', 'irritable mood', 'blackout', 'loose associations', 'verbally abusive behavior', 'homicidal thoughts']",,,,
dependence,"['agitation', 'prostatism', 'suicidal', 'heavy legs', 'tremor', 'muscle twitch', 'stuffy nose', 'feeling hopeless', 'homelessness', 'lethargy', 'seizure', 'intoxication', 'rale']",,,,
depressive disorder,"['motor retardation', 'tremor', 'difficulty', 'agitation', 'energy increased', 'verbal auditory hallucinations', 'nightmare', 'mood depressed', 'hallucinations auditory', 'intoxication', 'homelessness', 'hallucinations visual', 'sleeplessness', 'feeling hopeless', 'unable to concentrate', 'weepiness', 'suicidal', 'irritable mood', 'blackout', 'feeling suicidal', 'worry']",,,,
diverticulitis,"['unsteady gait', 'vomiting', 'pain', 'sore to touch', 'dysuria', 'monoclonal', 'pain abdominal', 'diarrhea', 'thicken', 'dullness', 'apyrexial', 'urgency of\xa0micturition', 'abscess bacterial', 'colic abdominal', 'sinus rhythm', 'constipation', 'fever', 'red blotches', 'abdominal tenderness', 'anorexia']",,,,
diverticulosis,"['heme positive', 'diarrhea', 'haemorrhage', 'cystic lesion', 'lightheadedness', 'projectile vomiting', 'pneumatouria', 'constipation', 'feeling hopeless', 'feeling suicidal', 'fecaluria', 'pain', 'abscess bacterial', 'anorexia', 'nausea']",,,,
edema pulmonary,"['patient non compliance', 'orthopnea', 'dyspnea', 'sinus rhythm', 'chest discomfort', 'tachypnea', 'urgency of\xa0micturition', 'hyperkalemia', 'sweating increased', 'shortness of breath', 'pain chest', 'hypotension', 'wheezing', ""heberden's node"", 'jugular venous distention', 'rale']",,,,
embolism pulmonary,"['yellow sputum', 'dyspnea', 'non-productive cough', 'cicatrisation', 'apyrexial', 'hypoxemia', 'pain chest', 'tachypnea', 'distress respiratory', 'shortness of breath', 'unresponsiveness', 'hematocrit decreased', 'wheezing', 'pleuritic pain', 'productive cough', 'neck stiffness']",,,,
emphysema pulmonary,"['myalgia', 'hypercapnia', 'room spinning', 'night sweat', 'has religious belief', 'scar tissue', 'dyspnea', 'arthralgia', 'cachexia', 'choke', 'dyspnea on exertion', 'flushing', 'clammy skin', 'painful swallowing', 'moan', 'rale', 'behavior showing increased motor activity', 'coordination abnormal', 'constipation', 'symptom aggravating factors', 'tenesmus']",,,,
encephalopathy,"['tonic seizures', 'haemorrhage', 'asterixis', 'posturing', 'thicken', 'hypokinesia', 'debilitation', 'absences finding', 'uncoordination', 'sleepy', 'consciousness clear', 'unresponsiveness', 'aura']",,,,
endocarditis,"['myalgia', 'flare', 'thicken', 'orthopnea', 'hypokinesia', 'cough', 'decreased body weight', 'apyrexial', 'metastatic lesion', 'pulsus\xa0paradoxus', 'breath sounds decreased', 'hypotension', 'shortness of breath', 'night sweat', 'abscess bacterial', 'pleuritic pain']",,,,
exanthema,"['erythema', 'scratch marks', 'arthralgia', 'painful swallowing', 'swelling', 'apyrexial', 'fever', 'macule', 'pain', 'chill', 'pruritus', 'lesion', 'redness', 'headache', 'photophobia']",,,,
failure heart,"['systolic ejection murmur', 'orthopnea', 'hypokinesia', 'dyspnea', 'pansystolic murmur', 'angina pectoris', 'hypotension', 'shortness of breath', 'dyspnea on exertion', 'fatigue', 'jugular venous distention']",,,,
failure heart congestive,"['orthopnea', 'dyspnea', 'cough', 'shortness of breath', 'wheezing', 'jugular venous distention', 'rale']",,,,
failure kidney,"['orthopnea', 'haemorrhage', 'slowing of urinary stream', 'prostatism', 'bedridden', 'enuresis', 'oliguria', 'no status change', 'hypotension', 'shortness of breath', 'fatigue', 'unresponsiveness', 'extreme exhaustion']",,,,
fibroid tumor,"['hypotonic', 'proteinemia', 'haemorrhage', 'abnormally hard consistency', 'heartburn', 'primigravida', 'para 2', 'fever', 'abortion', 'previous pregnancies 2', 'shortness of breath', 'intermenstrual heavy bleeding']",,,,
gastritis,"['heme positive', 'guaiac positive', 'haemorrhage', 'vomiting', 'decreased body weight', 'pain', 'sore to touch', 'disequilibrium', 'dizziness', 'intoxication', 'nausea', 'pain abdominal']",,,,
gastroenteritis,"['myalgia', 'sunken eyes', 'vomiting', 'decreased body weight', 'retch', 'hyponatremia', 'scleral\xa0icterus', 'fever', 'sore to touch', 'mass of body structure', 'diarrhoea', 'breath-holding spell', 'dehydration', 'nausea', 'pain abdominal']",,,,"Gastroenteritis is an inflammation of the digestive tract, particularly the stomach, and large and small intestines. Viral and bacterial gastroenteritis are intestinal infections associated with symptoms of diarrhea , abdominal cramps, nausea , and vomiting ."
gastroesophageal reflux disease,"['sensory discomfort', 'heartburn', 'hyponatremia', 'palpitation', 'burning sensation', 'throbbing sensation quality', 'presence of q wave', 'constipation', 'pain chest', 'pain', 'satiety early', 'chest tightness', 'sweating increased', 'general discomfort', 'asthenia', 'nausea', 'pain abdominal']",,,,
gout,"['patient non compliance', 'hypokinesia', 'erythema', 'swelling', 'pain', 'sore to touch', 'hot flush', 'redness', 'emphysematous change', 'ascites']",,,,
hemiparesis,"['stupor', 'dysarthria', 'stinging sensation', 'speech slurred', 'paresis', 'clonus', 'fremitus', 'abnormal sensation', 'asthenia', 'sleepy', ""stahli's line"", 'hemiplegia', 'paralyse', 'unresponsiveness', 'aphagia', 'facial paresis', 'seizure', 'focal seizures']",,,,
hemorrhoids,"['diarrhea', 'guaiac positive', 'haemorrhage', 'numbness of hand', 'nausea and vomiting', 'bowel sounds decreased', 'cough', 'hyponatremia', 'clonus', 'burning sensation', 'pain', 'hunger', 'decreased stool caliber', 'wheezing', 'achalasia', 'dizziness']",,,,
hepatitis b,"['malaise', 'yellow sputum', 'wheelchair bound', 'inappropriate affect', 'dark urine', 'projectile vomiting', 'yellowing of eyes', 'receiving unsterile injections', 'lethargy', 'yellow urine', 'moan', 'fatigue', 'itching', 'pain abdominal', 'abdominal pain', 'loss of appetite', 'tachypnea', 'receiving blood transfusion', 'abdominal tenderness', 'poor feeding', 'yellowish skin']",,,,"Hepatitis B is an infection of your liver. It can cause scarring of the organ, liver failure, and cancer. It can be fatal if it isn't treated. It's spread when people come in contact with the blood, open sores, or body fluids of someone who has the hepatitis B virus."
hepatitis c,"['patient non compliance', 'asterixis', 'distended abdomen', 'cough', 'yellowing of eyes', 'ache', 'heavy feeling', 'loss of appetite', 'family history', 'feeling suicidal', 'macerated skin', 'chill', 'fatigue', 'hallucinations auditory', 'nausea', 'ascites', 'yellowish skin']",,,,"Inflammation of the liver due to the hepatitis C virus (HCV), which is usually spread via blood transfusion (rare), hemodialysis, and needle sticks. The damage hepatitis C does to the liver can lead to cirrhosis and its complications as well as cancer."
hernia,"['haemorrhage', 'posturing', 'thicken', 'gag', 'apyrexial', 'food intolerance', 'pain', 'sore to touch', 'pulse absent', 'asthenia', 'hemiplegia', 'mass of body structure', 'hyperventilation', 'excruciating pain', 'nausea', 'pain abdominal']",,,,
hernia hiatal,"['myalgia', 'guaiac positive', 'fatigability', 'asterixis', 'numbness of hand', 'vomiting', 'hyponatremia', 'prodrome', 'sore to touch', 'general discomfort', 'dyspnea on exertion', 'headache', 'photophobia', 'nausea', 'pain abdominal']",,,,
hiv infections,"['diarrhea', 'patient non compliance', 'hypotonic', 'spontaneous rupture of membranes', 'cough', 'decreased body weight', 'tachypnea', 'fever', 'feeling suicidal', 'chill', 'night sweat', 'pleuritic pain', 'productive cough']",,,,
hyperbilirubinemia,"['myalgia', 'para 1', 'cough', 'bradycardia', 'cushingoid\xa0habitus', 'cyanosis', 'tachypnea', 'breech presentation']",,,,
hypercholesterolemia,"['t wave inverted', 'nonsmoker', 'dyspnea', 'numbness', 'bradycardia', 'syncope', 'chest discomfort', 'pain chest', 'pain', 'st segment depression', 'sweating increased', 'shortness of breath', 'worry', 'pressure chest']",,,,
hyperglycemia,"['feeling strange', 'decreased body weight', 'estrogen use', 'cushingoid\xa0habitus', 'seizure', 'sore to touch', 'mood depressed', 'pruritus', 'pustule', 'wheezing', 'ascites']",,,,
hyperlipidemia,"['hypokinesia', 'palpitation', 'presence of q wave', 'angina pectoris', 'chest discomfort', 'pain chest', 'sweating increased', 'shortness of breath', 'giddy mood', 'hemiplegia', 'dizziness', 'photopsia']",,,,
hypertension pulmonary,"['heavy legs', 'cyanosis', 'breath sounds decreased', 'left\xa0atrial\xa0hypertrophy', 'hypotension', ""stahli's line"", 'shortness of breath', 'dyspnea on exertion', 'neck stiffness']",,,,
hypertensive disease,"['syncope', 'palpitation', 'angina pectoris', 'pain chest', 'asthenia', 'fall', 'shortness of breath', 'sweating increased', 'dizziness', 'vertigo', 'pressure chest', 'nausea']",,,,
hypoglycemia,"['clammy skin', 'incoherent', 'qt interval prolonged', 'irritability', 'excessive hunger', 'vomiting', 'blurred and distorted vision', 'hypotension', 'palpitations', 'fatigue', 'unresponsiveness', 'anxiety', 'nausea', 'polyuria', 'hypothermia, natural', 'slurred speech', 'drying and tingling lips', 'unconscious state', 'headache', 'sweating', 'distress respiratory', 'claudication']",,,, Hypoglycemia is a condition in which your blood sugar (glucose) level is lower than normal. Glucose is your body's main energy source. Hypoglycemia is often related to diabetes treatment. But other drugs and a variety of conditions — many rare — can cause low blood sugar in people who don't have diabetes.
hypothyroidism,"['prostatism', 'unsteady gait', 'motor retardation', 'irritability', 'vomiting', 'enlarged thyroid', 'speech slurred', 'hyponatremia', 'lethargy', 'weight gain', 'sleepy', 'fall', 'hypotension', 'tired', 'mass of body structure', 'difficulty', 'fatigue', 'dizziness', 'polyuria', 'agitation', 'brittle nails', 'cold hands and feets', 'numbness', 'abnormal menstruation', 'syncope', 'nightmare', 'mental status changes', 'swollen extremeties', 'puffy face and eyes', 'asthenia', 'shortness of breath', 'depression', 'mood swings']",,,,"Hypothyroidism, also called underactive thyroid or low thyroid, is a disorder of the endocrine system in which the thyroid gland does not produce enough thyroid hormone."
ileus,"['diarrhea', 'thicken', 'flatulence', 'abdomen acute', 'apyrexial', 'constipation', 'air fluid level', 'sore to touch', 'mass of body structure', 'gravida 0', 'abscess bacterial', 'abdominal tenderness', 'nausea', 'catching breath', 'pain abdominal']",,,,
incontinence,"['urge incontinence', 'moody', 'tremor', 'spasm', 'syncope', 'aura', 'fear of falling', 'asthenia', 'unconscious state', 'fall', 'stiffness', 'unresponsiveness', 'unhappy', 'seizure', 'paraparesis']",,,,
infection,"['diarrhea', 'erythema', 'cough', 'swelling', 'apyrexial', 'fever', 'pain', 'chill', 'decreased translucency', 'pruritus', 'abscess bacterial', 'hepatosplenomegaly']",,,,
infection urinary tract,"['hematuria', 'hyponatremia', 'mental status changes', 'lethargy', 'renal angle tenderness', 'fever', 'asthenia', 'consciousness clear', 'hemodynamically stable', 'dysuria', 'difficulty passing urine', 'distress respiratory']",,,,
insufficiency renal,"['diarrhea', 'orthopnea', 'guaiac positive', 'hypokinesia', 'dyspnea', 'swelling', 'mental status changes', 'apyrexial', 'hyperkalemia', 'urgency of\xa0micturition', 'asthenia', 'hypotension', 'shortness of breath', 'breath sounds decreased', 'difficulty', 'ascites', 'rale']",,,,
ischemia,"['anorexia', 'dyspnea', 'asymptomatic', 'bradycardia', 'sinus rhythm', 'chest discomfort', 'angina pectoris', 'pain chest', 'sleepy', 'sweating increased', 'shortness of breath', 'pressure chest', 'rale']",,,,
ketoacidosis diabetic,"['diarrhea', 'feeling strange', 'vomiting', 'regurgitates after swallowing', 'polyuria', 'aura', 'nervousness', 'gurgle', 'urinary hesitation', 'abdominal tenderness', 'vision blurred', 'milky', 'seizure', 'nausea', 'pain abdominal']",,,,
kidney failure acute,"['diarrhea', 'haemorrhage', 'hypothermia, natural', 'oliguria', 'hyperkalemia', 'asthenia', 'hypotension', 'hemodynamically stable', 'unresponsiveness', 'hypocalcemia result']",,,,
lymphatic diseases,"['redness', 'decreased body weight', 'swelling', 'fremitus', 'pain', 'fever', 'mass of body structure', 'chill', 'night sweat', 'lesion', 'splenomegaly', 'hyperacusis', 'egophony', 'hepatomegaly', 'fatigue', 'non-productive cough']",,,,
lymphoma,"['tinnitus', 'haemoptysis', 'welt', 'decreased body weight', 'superimposition', 'fever', 'hydropneumothorax', 'polydypsia', 'tired', 'transaminitis', 'lesion', 'difficulty passing urine', 'ataxia']",,,,
malignant neoplasms,"['thicken', 'dullness', 'heartburn', 'gravida 10', 'pulsus\xa0paradoxus', 'food intolerance', 'mass of body structure', 'chill', 'night sweat', 'lesion', 'decreased translucency', 'hypotension', 'distress respiratory', 'pain abdominal']",,,,
manic disorder,"['energy increased', 'verbal auditory hallucinations', 'suicidal', 'hallucinations visual', 'decompensation', 'hypersomnia', 'feeling hopeless', 'blanch', 'feeling suicidal', 'hallucinations auditory', 'difficulty', 'verbally abusive behavior', 'elation']",,,,
melanoma,"['diarrhea', 'vomiting', 'mass in breast', 'fever', 'pain', 'mass of body structure', 'gravida 0', 'pruritus', 'paraparesis']",,,,
migraine disorders,"['vomiting', 'numbness', 'ambidexterity', 'fever', 'splenomegaly', 'dizziness', 'nausea']",,,,
mitral valve insufficiency,"['thicken', 'hypokinesia', 'dyspnea', 'vomiting', 'asymptomatic', 'syncope', 'palpitation', 'chest discomfort', 'left\xa0atrial\xa0hypertrophy', 'pain', 'shortness of breath', 'dyspnea on exertion', 'fatigue', 'cardiomegaly']",,,,
myocardial infarction,"['t wave inverted', 'orthopnea', 'hypokinesia', 'dyspnea', 'bradycardia', 'palpitation', 'syncope', 'st segment elevation', 'presence of q wave', 'angina pectoris', 'chest discomfort', 'pain chest', 'st segment depression', 'chest tightness', 'sweating increased', 'shortness of breath', 'pressure chest', 'rale']",,,,
neoplasm,"['thicken', 'hematuria', 'tumor cell invasion', 'decreased body weight', 'anosmia', 'metastatic lesion', 'pain chest', 'pain', 'food intolerance', 'mass of body structure', 'hemianopsia homonymous', 'night sweat', 'lesion', 'satiety early', 'headache', 'pain abdominal']",,,,
neoplasm metastasis,"['thicken', 'atypia', 'tumor cell invasion', 'pain neck', 'metastatic lesion', 'lung nodule', 'food intolerance', 'pain', 'mass of body structure', 'pain abdominal']",,,,
neuropathy,"['fatigability', 'slowing of urinary stream', 'nausea and vomiting', 'numbness', 'superimposition', 'pain', 'asthenia', 'hydropneumothorax', 'tenesmus', 'awakening early']",,,,
neutropenia,"['rhd positive', 'cough', 'oliguria', 'apyrexial', 'snuffle', 'night sweat', 'lesion', 'transaminitis', 'splenomegaly', 'chill', 'hypocalcemia result', 'monoclonal', 'distress respiratory']",,,,
obesity,"['systolic murmur', 'overweight', 'r wave feature', 'catatonia', 'pain', 'pain chest', 'shortness of breath', 'tired', 'mood depressed', 'ecchymosis', 'has religious belief', 'snore']",,,,
obesity morbid,"['out of breath', 'cough', 'labored breathing', 'dyspnea', 'hypothermia, natural', 'angina pectoris', 'hypoxemia', 'renal angle tenderness', 'sedentary', 'feels hot/feverish', 'hematocrit decreased', 'unhappy', 'wheezing']",,,,
oral candidiasis,"['diarrhea', 'patient non compliance', 'abdominal tenderness', 'poor dentition', 'abdominal bloating', 'decreased body weight', 'painful swallowing', 'throat sore', 'chill', 'night sweat', 'transaminitis', 'headache', 'adverse effect', 'photophobia', 'non-productive cough']",,,,
osteomyelitis,"['erythema', 'prostate tender', 'swelling', 'apyrexial', 'pain', 'fever', 'sore to touch', 'pain foot', 'abscess bacterial', 'urinary hesitation', 'redness', 'difficulty passing urine']",,,,
osteoporosis,"['prostatism', 'urge incontinence', 'distended abdomen', 'numbness of hand', 'out of breath', 'sniffle', 'lightheadedness', 'syncope', 'apyrexial', 'bradykinesia', 'pain', 'fall', 'hirsutism', 'vertigo']",,,,
overload fluid,"['orthopnea', 'distended abdomen', 'hypokalemia', 'swelling', 'hyperkalemia', 'weight gain', 'sleepy', 'hypotension', 'shortness of breath', 'jugular venous distention', 'rale']",,,,
pancreatitis,"['diarrhea', 'rigor - temperature-associated observation', 'vomiting', 'apyrexial', 'pain', 'stool color yellow', 'sore to touch', 'nausea', 'pain abdominal']",,,,
pancytopenia,"['haemorrhage', 'fatigability', 'hypoproteinemia', 'cushingoid\xa0habitus', 'stool color yellow', 'fatigue', 'colic abdominal']",,,,
paranoia,"['neologism', 'agitation', 'energy increased', 'verbal auditory hallucinations', 'suicidal', 'scar tissue', 'irritable mood', 'hallucinations visual', 'blackout', 'decompensation', 'loose associations', 'feeling suicidal', 'mood depressed', 'hallucinations auditory', 'terrify', 'homelessness']",,,,
parkinson disease,"['agitation', 'orthostasis', 'hematuria', 'tremor', 'syncope', 'facial paresis', 'fall', 'stiffness', 'unresponsiveness', 'hemiplegia', 'sleepy', 'difficulty', 'withdraw', 'night sweat', 'mass of body structure', 'achalasia', 'worry']",,,,
paroxysmal dyspnea,"['orthopnea', 'cough', 'dyspnea', 'palpitation', 'pain chest', 'weight gain', 'sweating increased', 'shortness of breath', 'dyspnea on exertion', 'jugular venous distention', 'rale']",,,,
pericardial effusion body substance,"['pericardial friction rub', 'dyspnea', 'blackout', 'oliguria', 'facial paresis', 'pain', 'hypotension', 'shortness of breath', 'hemodynamically stable', 'sputum purulent', 'cardiomegaly', 'intoxication']",,,,
peripheral vascular disease,"['labored breathing', 'dyspnea', 'sinus rhythm', 'angina pectoris', 'rest pain', 'hyperkalemia', 'sore to touch', 'sleepy', 'shortness of breath', 'unresponsiveness', 'anorexia']",,,,
personality disorder,"['scratch marks', 'agitation', 'nausea and vomiting', 'enuresis', 'nightmare', 'nervousness', 'mood depressed', 'hallucinations auditory', 'homelessness', 'extreme exhaustion', 'ascites', 'transsexual', 'sleeplessness', 'feeling hopeless', 'pruritus', 'weepiness', 'side pain', 'irritable mood', 'worry']",,,,
pneumonia aspiration,"['diarrhea', 'stupor', 'cough', 'mental status changes', 'clonus', 'mediastinal shift', 'fever', 'gurgle', 'pain', 'decreased translucency', 'transaminitis', 'hemiplegia', 'unresponsiveness', 'seizure', 'extreme exhaustion', 'pain abdominal']",,,,
pneumothorax,"['hypercapnia', 'prostatism', 'agitation', 'haemoptysis', 'cough', 'dyspnea', 'soft tissue swelling', 'cardiovascular event']",,,,
primary carcinoma of the liver cells,"['haemorrhage', 'thicken', 'stupor', 'tumor cell invasion', 'indifferent mood', 'decreased body weight', 'cachexia', 'cough', 'paresis', 'hypothermia, natural', 'room spinning', 'mass of body structure', 'shortness of breath', 'hepatomegaly', 'lesion', 'splenomegaly', 'hematocrit decreased', 'pain abdominal']",,,,
primary malignant neoplasm,"['thicken', 'hematuria', 'decreased body weight', 'cushingoid\xa0habitus', 'pain', 'mass of body structure', 'lesion', 'hoarseness', 'emphysematous change', 'ascites']",,,,
psychotic disorder,"['patient non compliance', 'motor retardation', 'tremor', 'agitation', 'energy increased', 'verbal auditory hallucinations', 'nightmare', 'mood depressed', 'hallucinations auditory', 'intoxication', 'homelessness', 'hallucinations visual', 'sleeplessness', 'feeling hopeless', 'catatonia', 'behavior hyperactive', 'consciousness clear', 'weepiness', 'terrify', 'suicidal', 'irritable mood', 'blackout', 'feeling suicidal', 'withdraw', 'worry']",,,,
pyelonephritis,"['diarrhea', 'myalgia', 'vomiting', 'hematuria', 'fever', 'pain', 'urgency of\xa0micturition', 'chill', 'nausea', 'pain abdominal']",,,,
respiratory failure,"['hypokinesia', 'dyspnea', 'sinus rhythm', 'bruit', 'tachypnea', 'hyperkalemia', 'consciousness clear', 'general unsteadiness', 'shortness of breath', 'hemiplegia', 'lesion', 'redness', 'unresponsiveness', 'snore', 'productive cough']",,,,
schizophrenia,"['patient non compliance', 'agitation', 'verbal auditory hallucinations', 'suicidal', 'underweight', 'irritable mood', 'hallucinations visual', 'hypersomnolence', 'hallucinations auditory', 'homelessness', 'worry']",,,,
sepsis (invertebrate),"['haemorrhage', 'spontaneous rupture of membranes', 'bradycardia', 'lethargy', 'apyrexial', 'tachypnea', 'fever', 'cyanosis', 'hypotension', 'chill', 'unresponsiveness', 'rale', 'distress respiratory', 'breech presentation']",,,,
sickle cell anemia,"['apyrexial', 'pain chest', 'pain', 'breakthrough pain', 'shortness of breath', 'snuffle', 'pain back', 'headache', 'green sputum', 'hepatosplenomegaly', 'pain abdominal']",,,,
spasm bronchial,"['scar tissue', 'sensory discomfort', 'dyspnea', 'vomiting', 'throat sore', 'apyrexial', 'chest tightness', 'pain', 'hypoxemia', 'tachypnea', 'shortness of breath', 'fever', 'no known drug allergies', 'rhonchus', 'hemiplegia', 'fremitus', 'productive cough']",,,,
stenosis aortic valve,"['systolic murmur', 'bradycardia', 'syncope', 'sciatica', 'chest discomfort', 'angina pectoris', 'pain chest', 'pain', 'shortness of breath', 'dyspnea on exertion', 'frothy sputum']",,,,
suicide attempt,"['motor retardation', 'tremor', 'fatigue', 'difficulty', 'agitation', 'drowsiness', 'hallucinations auditory', 'sensory discomfort', 'cough', 'alcoholic withdrawal symptoms', 'sleeplessness', 'unable to concentrate', 'weepiness', 'unresponsiveness', 'todd paralysis', 'suicidal', 'irritable mood', 'blackout', 'formication', 'fever', 'unconscious state', 'withdraw', 'worry']",,,,
tachycardia sinus,"['t wave inverted', 'scar tissue', 'orthostasis', 'vomiting', 'left\xa0atrial\xa0hypertrophy', 'alcohol binge episode', 'sweating increased', 'shortness of breath', 'cardiovascular event', 'pressure chest', 'pain abdominal']",,,,
thrombocytopaenia,"['haemorrhage', 'posterior\xa0rhinorrhea', 'tachypnea', 'fever', 'hypotension', 'pruritus', 'fatigue', 'ecchymosis', 'monocytosis']",,,,
thrombus,"['hypokinesia', 'vomiting', 'hypertonicity', 'facial paresis', 'sore to touch', 'stool color yellow', 'shortness of breath', 'hypoalbuminemia', 'pruritus', 'hemodynamically stable', 'anorexia']",,,,
tonic-clonic seizures,"['moody', 'tremor', 'decreased body weight', 'muscle twitch', 'drowsiness', 'myoclonus', 'absences finding', 'spasm', 'tumor cell invasion', 'phonophobia', 'ambidexterity', 'sleepy', 'lip smacking', 'headache', 'unresponsiveness', 'hirsutism', 'rolling of eyes']",,,,
transient ischemic attack,"['difficulty', 'dysarthria', 'numbness', 'speech slurred', 'lightheadedness', 'syncope', 'extrapyramidal sign', 'facial paresis', 'asthenia', 'room spinning', ""stahli's line"", 'clumsiness', 'headache', 'vision blurred', 'rambling speech', 'vertigo', 'neck stiffness']",,,,
tricuspid valve insufficiency,"['impaired cognition', 'vomiting', 'bradycardia', 'cicatrisation', 'mediastinal shift', 'pain', 'fever', 'shortness of breath', 'nausea', 'pain abdominal']",,,,
ulcer peptic,"['out of breath', 'vomiting', 'apyrexial', 'pain chest', 'nervousness', 'gurgle', 'polymyalgia', 'hemiplegia', 'hunger', 'paraparesis', 'nausea', 'pain abdominal']",,,,
upper respiratory infection,"['stuffy nose', 'rhonchus', 'snuffle', 'egophony', 'night sweat', 'decreased translucency', 'hemodynamically stable', 'wheezing', 'pleuritic pain', 'productive cough', 'cystic lesion', 'dyspnea', 'apyrexial', 'polymyalgia', 'shortness of breath', 'emphysematous change', 'non-productive cough', 'labored breathing', 'cough', 'rapid shallow breathing', 'barking cough', 'frail', 'indifferent mood', 'throat sore', 'nasal discharge present', 'fever', 'symptom aggravating factors', 'noisy respiration']",,,,
fungal infection,"['red sore around nose', 'skin rash', 'dischromic  patches', 'skin peeling', 'family history', 'nodal skin eruptions', 'itching', 'red spots over body']",,,,"In humans, fungal infections occur when an invading fungus takes over an area of the body and is too much for the immune system to handle. Fungi can live in the air, soil, water, and plants. There are also some fungi that live naturally in the human body. Like many microbes, there are helpful fungi and harmful fungi."
allergy,"['watering from eyes', 'chills', 'shivering', 'continuous sneezing']",,,,"An allergy is an immune system response to a foreign substance that's not typically harmful to your body.They can include certain foods, pollen, or pet dander. Your immune system's job is to keep you healthy by fighting harmful pathogens."
gerd,"['cough', 'vomiting', 'chest pain', 'stomach pain', 'ulcers on tongue', 'acidity']",,,,"Gastroesophageal reflux disease, or GERD, is a digestive disorder that affects the lower esophageal sphincter (LES), the ring of muscle between the esophagus and stomach. Many people, including pregnant women, suffer from heartburn or acid indigestion caused by GERD."
chronic cholestasis,"['vomiting', 'abdominal pain', 'yellowing of eyes', 'loss of appetite', 'itching', 'nausea', 'yellowish skin']",,,,"Chronic cholestatic diseases, whether occurring in infancy, childhood or adulthood, are characterized by defective bile acid transport from the liver to the intestine, which is caused by primary damage to the biliary epithelium in most cases"
drug reaction,"['skin rash', 'spotting  urination', 'burning micturition', 'stomach pain', 'itching']",,,,An adverse drug reaction (ADR) is an injury caused by taking medication. ADRs may occur following a single dose or prolonged administration of a drug or result from the combination of two or more drugs.
peptic ulcer diseae,"['vomiting', 'abdominal pain', 'indigestion', 'loss of appetite', 'passage of gases', 'internal itching']",,,,"Peptic ulcer disease (PUD) is a break in the inner lining of the stomach, the first part of the small intestine, or sometimes the lower esophagus. An ulcer in the stomach is called a gastric ulcer, while one in the first part of the intestines is a duodenal ulcer."
aids,"['high fever', 'muscle wasting', 'extra marital contacts', 'patches in throat']",,,,"Acquired immunodeficiency syndrome (AIDS) is a chronic, potentially life-threatening condition caused by the human immunodeficiency virus (HIV). By damaging your immune system, HIV interferes with your body's ability to fight infection and disease."
bronchial asthma,"['cough', 'family history', 'mucoid sputum', 'fatigue', 'breathlessness', 'high fever']",,,,"Bronchial asthma is a medical condition which causes the airway path of the lungs to swell and narrow. Due to this swelling, the air path produces excess mucus making it hard to breathe, which results in coughing, short breath, and wheezing. The disease is chronic and interferes with daily working."
hypertension,"['lack of concentration', 'loss of balance', 'chest pain', 'headache', 'dizziness']",,,,"Hypertension (HTN or HT), also known as high blood pressure (HBP), is a long-term medical condition in which the blood pressure in the arteries is persistently elevated. High blood pressure typically does not cause symptoms."
migraine,"['irritability', 'excessive hunger', 'indigestion', 'blurred and distorted vision', 'stiff neck', 'acidity', 'depression', 'headache', 'visual disturbances']",,,,"A migraine can cause severe throbbing pain or a pulsing sensation, usually on one side of the head. It's often accompanied by nausea, vomiting, and extreme sensitivity to light and sound. Migraine attacks can last for hours to days, and the pain can be so severe that it interferes with your daily activities."
cervical spondylosis,"['back pain', 'loss of balance', 'neck pain', 'dizziness', 'weakness in limbs']",,,,"Cervical spondylosis is a general term for age-related wear and tear affecting the spinal disks in your neck. As the disks dehydrate and shrink, signs of osteoarthritis develop, including bony projections along the edges of bones (bone spurs)."
paralysis (brain hemorrhage),"['altered sensorium', 'weakness of one body side', 'vomiting', 'headache']",,,,"Intracerebral hemorrhage (ICH) is when blood suddenly bursts into brain tissue, causing damage to your brain. Symptoms usually appear suddenly during ICH. They include headache, weakness, confusion, and paralysis, particularly on one side of your body."
jaundice,"['vomiting', 'dark urine', 'abdominal pain', 'high fever', 'fatigue', 'itching', 'weight loss', 'yellowish skin']",,,,"Yellow staining of the skin and sclerae (the whites of the eyes) by abnormally high blood levels of the bile pigment bilirubin. The yellowing extends to other tissues and body fluids. Jaundice was once called the ""morbus regius"" (the regal disease) in the belief that only the touch of a king could cure it"
chicken pox,"['malaise', 'skin rash', 'high fever', 'lethargy', 'loss of appetite', 'mild fever', 'fatigue', 'headache', 'swelled lymph nodes', 'itching', 'red spots over body']",,,,"Chickenpox is a highly contagious disease caused by the varicella-zoster virus (VZV). It can cause an itchy, blister-like rash. The rash first appears on the chest, back, and face, and then spreads over the entire body, causing between 250 and 500 itchy blisters."
dengue,"['red spots over body', 'malaise', 'muscle pain', 'back pain', 'vomiting', 'skin rash', 'loss of appetite', 'joint pain', 'fatigue', 'headache', 'pain behind the eyes', 'high fever', 'chills', 'nausea']",,,,"an acute infectious disease caused by a flavivirus (species Dengue virus of the genus Flavivirus), transmitted by aedes mosquitoes, and characterized by headache, severe joint pain, and a rash. — called also breakbone fever, dengue fever."
typhoid,"['vomiting', 'abdominal pain', 'toxic look (typhos)', 'belly pain', 'constipation', 'diarrhoea', 'fatigue', 'headache', 'high fever', 'chills', 'nausea']",,,,"An acute illness characterized by fever caused by infection with the bacterium Salmonella typhi. Typhoid fever has an insidious onset, with fever, headache, constipation, malaise, chills, and muscle pain. Diarrhea is uncommon, and vomiting is not usually severe."
hepatitis a,"['muscle pain', 'dark urine', 'vomiting', 'abdominal pain', 'yellowing of eyes', 'mild fever', 'loss of appetite', 'joint pain', 'diarrhoea', 'nausea', 'yellowish skin']",,,,Hepatitis A is a highly contagious liver infection caused by the hepatitis A virus. The virus is one of several types of hepatitis viruses that cause inflammation and affect your liver's ability to function.
hepatitis d,"['dark urine', 'vomiting', 'abdominal pain', 'yellowing of eyes', 'loss of appetite', 'joint pain', 'fatigue', 'nausea', 'yellowish skin']",,,,"Hepatitis D, also known as the hepatitis delta virus, is an infection that causes the liver to become inflamed. This swelling can impair liver function and cause long-term liver problems, including liver scarring and cancer. The condition is caused by the hepatitis D virus (HDV)."
hepatitis e,"['coma', 'vomiting', 'dark urine', 'abdominal pain', 'yellowing of eyes', 'acute liver failure', 'stomach bleeding', 'loss of appetite', 'joint pain', 'fatigue', 'high fever', 'nausea', 'yellowish skin']",,,,A rare form of liver inflammation caused by infection with the hepatitis E virus (HEV). It is transmitted via food or drink handled by an infected person or through infected water supplies in areas where fecal matter may get into the water. Hepatitis E does not cause chronic liver disease.
alcoholic hepatitis,"['swelling of stomach', 'history of alcohol consumption', 'vomiting', 'abdominal pain', 'distention of abdomen', 'fluid overload.1', 'yellowish skin']",,,,"Alcoholic hepatitis is a diseased, inflammatory condition of the liver caused by heavy alcohol consumption over an extended period of time. It's also aggravated by binge drinking and ongoing alcohol use. If you develop this condition, you must stop drinking alcohol"
tuberculosis,"['malaise', 'blood in sputum', 'cough', 'vomiting', 'yellowing of eyes', 'mild fever', 'loss of appetite', 'chest pain', 'sweating', 'fatigue', 'breathlessness', 'swelled lymph nodes', 'high fever', 'chills', 'phlegm', 'weight loss']",,,,"Tuberculosis (TB) is an infectious disease usually caused by Mycobacterium tuberculosis (MTB) bacteria. Tuberculosis generally affects the lungs, but can also affect other parts of the body. Most infections show no symptoms, in which case it is known as latent tuberculosis."
dimorphic hemmorhoids(piles),"['pain during bowel movements', 'constipation', 'pain in anal region', 'bloody stool', 'irritation in anus']",,,,
hyperthyroidism,"['irritability', 'excessive hunger', 'restlessness', 'abnormal menstruation', 'fast heart rate', 'diarrhoea', 'fatigue', 'muscle weakness', 'sweating', 'mood swings', 'weight loss']",,,,"Hyperthyroidism (overactive thyroid) occurs when your thyroid gland produces too much of the hormone thyroxine. Hyperthyroidism can accelerate your body's metabolism, causing unintentional weight loss and a rapid or irregular heartbeat."
osteoarthristis,"['knee pain', 'neck pain', 'joint pain', 'painful walking', 'hip joint pain', 'swelling joints']",,,,"Osteoarthritis is the most common form of arthritis, affecting millions of people worldwide. It occurs when the protective cartilage that cushions the ends of your bones wears down over time."
(vertigo) paroymsal  positional vertigo,"['unsteadiness', 'vomiting', 'spinning movements', 'loss of balance', 'headache', 'nausea']",,,,Benign paroxysmal positional vertigo (BPPV) is one of the most common causes of vertigo — the sudden sensation that you're spinning or that the inside of your head is spinning. Benign paroxysmal positional vertigo causes brief episodes of mild to intense dizziness.
acne,"['skin rash', 'pus filled pimples', 'blackheads', 'scurring']",,,,"Acne vulgaris is the formation of comedones, papules, pustules, nodules, and/or cysts as a result of obstruction and inflammation of pilosebaceous units (hair follicles and their accompanying sebaceous gland). Acne develops on the face and upper trunk. It most often affects adolescents."
urinary tract infection,"['continuous feel of urine', 'burning micturition', 'bladder discomfort', 'foul smell of urine']",,,,"Urinary tract infection: An infection of the kidney, ureter, bladder, or urethra. Abbreviated UTI. Not everyone with a UTI has symptoms, but common symptoms include a frequent urge to urinate and pain or burning when urinating."
psoriasis,"['small dents in nails', 'silver like dusting', 'skin rash', 'skin peeling', 'joint pain', 'inflammatory nails']",,,,"Psoriasis is a common skin disorder that forms thick, red, bumpy patches covered with silvery scales. They can pop up anywhere, but most appear on the scalp, elbows, knees, and lower back. Psoriasis can't be passed from person to person. It does sometimes happen in members of the same family."
impetigo,"['red sore around nose', 'blister', 'skin rash', 'yellow crust ooze', 'high fever']",,,,"Impetigo (im-puh-TIE-go) is a common and highly contagious skin infection that mainly affects infants and children. Impetigo usually appears as red sores on the face, especially around a child's nose and mouth, and on hands and feet. The sores burst and develop honey-colored crusts."
dimorphic hemorrhoids(piles),[],,,,"Hemorrhoids, also spelled haemorrhoids, are vascular structures in the anal canal. In their ... Other names, Haemorrhoids, piles, hemorrhoidal disease ."
